{"cameraMode":{"drawMode":0,"name":"Shaded","section":"Shading Mode"},"sceneLighting":false,"audioPlay":false,"sceneViewState":{"showFog":true,"showMaterialUpdate":false,"showSkybox":true,"showFlares":true,"showImageEffects":true,"showParticleSystems":true},"in2DMode":false,"pivot":{"x":-1.3439786434173585,"y":-20.264015197753908,"z":22.8519229888916},"rotation":{"x":0.24215853214263917,"y":0.2982305884361267,"z":-0.07850286364555359,"w":0.9199212789535523},"size":327.723388671875,"orthographic":false}